{
  "thresholds": {
    "c": 0.23653266331658293,
    "na": 0.4285929648241206,
    "i": 0.5369346733668342,
    "bc": 0.541859296482412,
    "t": 0.541859296482412
  }
}