{
  "c_accuracy": 0.80175,
  "c_f1": 0.8823267547113816,
  "c_best_threshold": 0.2513065326633166,
  "c_best_f1": 0.9681992586330234,
  "c_roc_auc": 0.9149359494920852,
  "na_accuracy": 0.73675,
  "na_f1": 0.7688762071992976,
  "na_best_threshold": 0.42366834170854273,
  "na_best_f1": 0.8128087831655992,
  "na_roc_auc": 0.8322837334626605,
  "i_accuracy": 0.72,
  "i_f1": 0.44083874188716926,
  "i_best_threshold": 0.5566331658291458,
  "i_best_f1": 0.48697137975224264,
  "i_roc_auc": 0.798556956533297,
  "bc_accuracy": 0.952625,
  "bc_f1": 0.22176591375770022,
  "bc_best_threshold": 0.46306532663316585,
  "bc_best_f1": 0.22995461422087748,
  "bc_roc_auc": 0.7557493708235703,
  "t_accuracy": 0.726875,
  "t_f1": 0.5846797186846607,
  "t_best_threshold": 0.5221608040201006,
  "t_best_f1": 0.5867166354361857,
  "t_roc_auc": 0.8248170929242176,
  "macro_accuracy": 0.7876000000000001,
  "macro_f1": 0.5796974672480418,
  "macro_best_f1": 0.6169301342415856,
  "macro_roc_auc": 0.8252686206471662,
  "accuracy": 0.7876000000000001,
  "f1": 0.5796974672480418,
  "best_f1": 0.6169301342415856,
  "roc_auc": 0.8252686206471662
}