{
  "c_accuracy": 0.8215,
  "c_f1": 0.8954458925172061,
  "c_best_threshold": 0.21683417085427137,
  "c_best_f1": 0.9680926800854314,
  "c_roc_auc": 0.9137515746377658,
  "na_accuracy": 0.728125,
  "na_f1": 0.7533733983444835,
  "na_best_threshold": 0.3941206030150754,
  "na_best_f1": 0.8115015974440893,
  "na_roc_auc": 0.8296969551973155,
  "i_accuracy": 0.79025,
  "i_f1": 0.4679771718452758,
  "i_best_threshold": 0.5320100502512564,
  "i_best_f1": 0.48328396106644095,
  "i_roc_auc": 0.7984262972414631,
  "bc_accuracy": 0.936625,
  "bc_f1": 0.23759398496240602,
  "bc_best_threshold": 0.5073869346733668,
  "bc_best_f1": 0.24143556280587275,
  "bc_roc_auc": 0.7654645589870299,
  "t_accuracy": 0.767875,
  "t_f1": 0.5915988563888278,
  "t_best_threshold": 0.4827638190954774,
  "t_best_f1": 0.5929606625258799,
  "t_roc_auc": 0.8228390662310051,
  "macro_accuracy": 0.8088750000000001,
  "macro_f1": 0.5891978608116398,
  "macro_best_f1": 0.6194548927855428,
  "macro_roc_auc": 0.8260356904589157,
  "accuracy": 0.8088750000000001,
  "f1": 0.5891978608116398,
  "best_f1": 0.6194548927855428,
  "roc_auc": 0.8260356904589157
}