{
  "c_accuracy": 0.8065,
  "c_f1": 0.8854351687388987,
  "c_best_threshold": 0.2907035175879397,
  "c_best_f1": 0.9681254082299151,
  "c_roc_auc": 0.9162283694157504,
  "na_accuracy": 0.738125,
  "na_f1": 0.7753832958078696,
  "na_best_threshold": 0.4433668341708543,
  "na_best_f1": 0.8150811209439529,
  "na_roc_auc": 0.8318612037056373,
  "i_accuracy": 0.7335,
  "i_f1": 0.44824016563146996,
  "i_best_threshold": 0.54678391959799,
  "i_best_f1": 0.493076923076923,
  "i_roc_auc": 0.8043232916742618,
  "bc_accuracy": 0.94525,
  "bc_f1": 0.22340425531914893,
  "bc_best_threshold": 0.4975376884422111,
  "bc_best_f1": 0.23103448275862068,
  "bc_roc_auc": 0.7660392913926045,
  "t_accuracy": 0.68425,
  "t_f1": 0.5649328281088529,
  "t_best_threshold": 0.5566331658291458,
  "t_best_f1": 0.5958011049723757,
  "t_roc_auc": 0.828266786237613,
  "macro_accuracy": 0.781525,
  "macro_f1": 0.579479142721248,
  "macro_best_f1": 0.6206238079963576,
  "macro_roc_auc": 0.8293437884851734,
  "accuracy": 0.781525,
  "f1": 0.579479142721248,
  "best_f1": 0.6206238079963576,
  "roc_auc": 0.8293437884851734
}