{
  "c_accuracy": 0.80775,
  "c_f1": 0.886276249630287,
  "c_best_threshold": 0.23160804020100503,
  "c_best_f1": 0.9683745697772583,
  "c_roc_auc": 0.9177802777955921,
  "na_accuracy": 0.72875,
  "na_f1": 0.7552447552447552,
  "na_best_threshold": 0.41381909547738693,
  "na_best_f1": 0.813867941879713,
  "na_roc_auc": 0.8313497683351523,
  "i_accuracy": 0.747375,
  "i_f1": 0.44675609088420476,
  "i_best_threshold": 0.5517085427135678,
  "i_best_f1": 0.48804215646534255,
  "i_roc_auc": 0.8011305648278952,
  "bc_accuracy": 0.89275,
  "bc_f1": 0.22141560798548093,
  "bc_best_threshold": 0.5714070351758794,
  "bc_best_f1": 0.23157894736842105,
  "bc_roc_auc": 0.764368514816143,
  "t_accuracy": 0.751375,
  "t_f1": 0.5936670071501532,
  "t_best_threshold": 0.5172361809045226,
  "t_best_f1": 0.5993061578490892,
  "t_roc_auc": 0.8303797164194795,
  "macro_accuracy": 0.7856,
  "macro_f1": 0.5806719421789762,
  "macro_best_f1": 0.6202339546679648,
  "macro_roc_auc": 0.8290017684388523,
  "accuracy": 0.7856,
  "f1": 0.5806719421789762,
  "best_f1": 0.6202339546679648,
  "roc_auc": 0.8290017684388523
}