{
  "c_accuracy": 0.817875,
  "c_f1": 0.8928912739836801,
  "c_best_threshold": 0.2660804020100503,
  "c_best_f1": 0.9691451031772028,
  "c_roc_auc": 0.9194220734917669,
  "na_accuracy": 0.738,
  "na_f1": 0.7738454898575744,
  "na_best_threshold": 0.4088944723618091,
  "na_best_f1": 0.8133498145859085,
  "na_roc_auc": 0.8325371364255456,
  "i_accuracy": 0.75325,
  "i_f1": 0.456198347107438,
  "i_best_threshold": 0.5517085427135678,
  "i_best_f1": 0.49979550102249487,
  "i_roc_auc": 0.80301788548882,
  "bc_accuracy": 0.912875,
  "bc_f1": 0.2229654403567447,
  "bc_best_threshold": 0.5320100502512564,
  "bc_best_f1": 0.2285714285714286,
  "bc_roc_auc": 0.7712307133067744,
  "t_accuracy": 0.740125,
  "t_f1": 0.5935483870967742,
  "t_best_threshold": 0.5320100502512564,
  "t_best_f1": 0.5970937912813739,
  "t_roc_auc": 0.83166855105329,
  "macro_accuracy": 0.7924249999999999,
  "macro_f1": 0.5878897876804423,
  "macro_best_f1": 0.6215911277276818,
  "macro_roc_auc": 0.8315752719532392,
  "accuracy": 0.7924249999999999,
  "f1": 0.5878897876804423,
  "best_f1": 0.6215911277276818,
  "roc_auc": 0.8315752719532392
}