{
  "c_accuracy": 0.87275,
  "c_f1": 0.9281479390175043,
  "c_best_threshold": 0.2857788944723618,
  "c_best_f1": 0.9679050768333008,
  "c_roc_auc": 0.9157853717535933,
  "na_accuracy": 0.7105,
  "na_f1": 0.7233635929288104,
  "na_best_threshold": 0.3793467336683417,
  "na_best_f1": 0.8160288158487167,
  "na_roc_auc": 0.8327833079930371,
  "i_accuracy": 0.662875,
  "i_f1": 0.4158544509421702,
  "i_best_threshold": 0.5714070351758794,
  "i_best_f1": 0.49124203821656054,
  "i_roc_auc": 0.8015837781208227,
  "bc_accuracy": 0.909875,
  "bc_f1": 0.22054054054054054,
  "bc_best_threshold": 0.5172361809045226,
  "bc_best_f1": 0.22794117647058823,
  "bc_roc_auc": 0.7675154203488019,
  "t_accuracy": 0.729875,
  "t_f1": 0.588302533815965,
  "t_best_threshold": 0.5566331658291458,
  "t_best_f1": 0.5931066389081656,
  "t_roc_auc": 0.8285487362452291,
  "macro_accuracy": 0.7771750000000001,
  "macro_f1": 0.5752418114489981,
  "macro_best_f1": 0.6192447492554664,
  "macro_roc_auc": 0.8292433228922969,
  "accuracy": 0.7771750000000001,
  "f1": 0.5752418114489981,
  "best_f1": 0.6192447492554664,
  "roc_auc": 0.8292433228922969
}