{
  "c_accuracy": 0.812125,
  "c_f1": 0.8891674655261411,
  "c_best_threshold": 0.2463819095477387,
  "c_best_f1": 0.9683045883501464,
  "c_roc_auc": 0.9195199450682897,
  "na_accuracy": 0.73275,
  "na_f1": 0.762708102108768,
  "na_best_threshold": 0.41874371859296483,
  "na_best_f1": 0.8134715025906736,
  "na_roc_auc": 0.8321262985507947,
  "i_accuracy": 0.69925,
  "i_f1": 0.43012790146849833,
  "i_best_threshold": 0.5664824120603016,
  "i_best_f1": 0.4967051070840197,
  "i_roc_auc": 0.8018812327211691,
  "bc_accuracy": 0.934,
  "bc_f1": 0.2,
  "bc_best_threshold": 0.4876884422110553,
  "bc_best_f1": 0.21857923497267756,
  "bc_roc_auc": 0.7669971787352285,
  "t_accuracy": 0.7065,
  "t_f1": 0.5793622357577929,
  "t_best_threshold": 0.5517085427135678,
  "t_best_f1": 0.5949851253718657,
  "t_roc_auc": 0.8319827251448688,
  "macro_accuracy": 0.7769250000000001,
  "macro_f1": 0.5722731409722401,
  "macro_best_f1": 0.6184091116738766,
  "macro_roc_auc": 0.8305014760440701,
  "accuracy": 0.7769250000000001,
  "f1": 0.5722731409722401,
  "best_f1": 0.6184091116738766,
  "roc_auc": 0.8305014760440701
}