{
  "c_accuracy": 0.8255,
  "c_f1": 0.897968133313843,
  "c_best_threshold": 0.31040201005025125,
  "c_best_f1": 0.9681011331630314,
  "c_roc_auc": 0.9159775091117149,
  "na_accuracy": 0.73375,
  "na_f1": 0.7614247311827957,
  "na_best_threshold": 0.3990452261306533,
  "na_best_f1": 0.8141280353200884,
  "na_roc_auc": 0.832780976374896,
  "i_accuracy": 0.668125,
  "i_f1": 0.4237030605600174,
  "i_best_threshold": 0.5517085427135678,
  "i_best_f1": 0.49262855088097807,
  "i_roc_auc": 0.806625138135709,
  "bc_accuracy": 0.942625,
  "bc_f1": 0.21805792163543442,
  "bc_best_threshold": 0.502462311557789,
  "bc_best_f1": 0.22260869565217392,
  "bc_roc_auc": 0.7565193648797566,
  "t_accuracy": 0.7185,
  "t_f1": 0.5815681902638424,
  "t_best_threshold": 0.5320100502512564,
  "t_best_f1": 0.5893232450609499,
  "t_roc_auc": 0.827853365400087,
  "macro_accuracy": 0.7777000000000001,
  "macro_f1": 0.5765444073911866,
  "macro_best_f1": 0.6173579320154443,
  "macro_roc_auc": 0.8279512707804327,
  "accuracy": 0.7777000000000001,
  "f1": 0.5765444073911866,
  "best_f1": 0.6173579320154443,
  "roc_auc": 0.8279512707804327
}