{
  "c_accuracy": 0.82475,
  "c_f1": 0.8975745178258329,
  "c_best_threshold": 0.23653266331658293,
  "c_best_f1": 0.9680768232546068,
  "c_roc_auc": 0.9146468420061715,
  "na_accuracy": 0.719375,
  "na_f1": 0.7383754807132036,
  "na_best_threshold": 0.3842713567839196,
  "na_best_f1": 0.8087702236760675,
  "na_roc_auc": 0.8267176202951072,
  "i_accuracy": 0.75025,
  "i_f1": 0.454396504642272,
  "i_best_threshold": 0.5270854271356784,
  "i_best_f1": 0.4889679715302491,
  "i_roc_auc": 0.8019944470394338,
  "bc_accuracy": 0.9255,
  "bc_f1": 0.22597402597402597,
  "bc_best_threshold": 0.5123115577889448,
  "bc_best_f1": 0.24071322436849926,
  "bc_roc_auc": 0.7687234227197779,
  "t_accuracy": 0.745375,
  "t_f1": 0.5874012558233745,
  "t_best_threshold": 0.5073869346733668,
  "t_best_f1": 0.5906821963394343,
  "t_roc_auc": 0.8232654882635253,
  "macro_accuracy": 0.79305,
  "macro_f1": 0.5807443569957418,
  "macro_best_f1": 0.6194420878337714,
  "macro_roc_auc": 0.8270695640648033,
  "accuracy": 0.79305,
  "f1": 0.5807443569957418,
  "best_f1": 0.6194420878337714,
  "roc_auc": 0.8270695640648033
}