{
  "c_accuracy": 0.795875,
  "c_f1": 0.8784879827368107,
  "c_best_threshold": 0.21683417085427137,
  "c_best_f1": 0.9681099299974073,
  "c_roc_auc": 0.9064220237833082,
  "na_accuracy": 0.739375,
  "na_f1": 0.7818353039656796,
  "na_best_threshold": 0.4433668341708543,
  "na_best_f1": 0.8090620752152242,
  "na_roc_auc": 0.8238847380454052,
  "i_accuracy": 0.7305,
  "i_f1": 0.43883394065590836,
  "i_best_threshold": 0.5517085427135678,
  "i_best_f1": 0.48034934497816595,
  "i_roc_auc": 0.7880328905395552,
  "bc_accuracy": 0.9495,
  "bc_f1": 0.2230769230769231,
  "bc_best_threshold": 0.502462311557789,
  "bc_best_f1": 0.22568093385214008,
  "bc_roc_auc": 0.7529514392052645,
  "t_accuracy": 0.688375,
  "t_f1": 0.55837023914969,
  "t_best_threshold": 0.5763316582914573,
  "t_best_f1": 0.5742222222222222,
  "t_roc_auc": 0.8098279594345552,
  "macro_accuracy": 0.780725,
  "macro_f1": 0.5761208779170024,
  "macro_best_f1": 0.6114849012530319,
  "macro_roc_auc": 0.8162238102016175,
  "accuracy": 0.780725,
  "f1": 0.5761208779170024,
  "best_f1": 0.6114849012530319,
  "roc_auc": 0.8162238102016175
}