{
  "c_accuracy": 0.75975,
  "c_f1": 0.8535953686776356,
  "c_best_threshold": 0.2808542713567839,
  "c_best_f1": 0.9681230929039797,
  "c_roc_auc": 0.9012720471823417,
  "na_accuracy": 0.7365,
  "na_f1": 0.7749306000427076,
  "na_best_threshold": 0.44829145728643216,
  "na_best_f1": 0.8061493677794961,
  "na_roc_auc": 0.8217654323215394,
  "i_accuracy": 0.70125,
  "i_f1": 0.41820837390457644,
  "i_best_threshold": 0.5615577889447236,
  "i_best_f1": 0.46131386861313867,
  "i_roc_auc": 0.7822024718222141,
  "bc_accuracy": 0.952625,
  "bc_f1": 0.20876826722338204,
  "bc_best_threshold": 0.46306532663316585,
  "bc_best_f1": 0.21829855537720705,
  "bc_roc_auc": 0.7350827467296743,
  "t_accuracy": 0.638375,
  "t_f1": 0.5382282521947327,
  "t_best_threshold": 0.5664824120603016,
  "t_best_f1": 0.5691648822269807,
  "t_roc_auc": 0.8064310003411204,
  "macro_accuracy": 0.7577,
  "macro_f1": 0.5587461724086069,
  "macro_best_f1": 0.6046099533801604,
  "macro_roc_auc": 0.8093507396793779,
  "accuracy": 0.7577,
  "f1": 0.5587461724086069,
  "best_f1": 0.6046099533801604,
  "roc_auc": 0.8093507396793779
}