{
  "c_accuracy": 0.8335,
  "c_f1": 0.9032539221382917,
  "c_best_threshold": 0.2611557788944724,
  "c_best_f1": 0.969031752254018,
  "c_roc_auc": 0.9191342537897548,
  "na_accuracy": 0.72425,
  "na_f1": 0.7470183486238532,
  "na_best_threshold": 0.3842713567839196,
  "na_best_f1": 0.8134696755994358,
  "na_roc_auc": 0.8328059483431014,
  "i_accuracy": 0.697875,
  "i_f1": 0.4364653765446491,
  "i_best_threshold": 0.5763316582914573,
  "i_best_f1": 0.49772256728778475,
  "i_roc_auc": 0.8038837258096367,
  "bc_accuracy": 0.89875,
  "bc_f1": 0.21359223300970873,
  "bc_best_threshold": 0.5270854271356784,
  "bc_best_f1": 0.235,
  "bc_roc_auc": 0.7697576545023161,
  "t_accuracy": 0.744,
  "t_f1": 0.5949367088607594,
  "t_best_threshold": 0.502462311557789,
  "t_best_f1": 0.596169193934557,
  "t_roc_auc": 0.8316426773880041,
  "macro_accuracy": 0.7796750000000001,
  "macro_f1": 0.5790533178354524,
  "macro_best_f1": 0.6222786378151591,
  "macro_roc_auc": 0.8314448519665627,
  "accuracy": 0.7796750000000001,
  "f1": 0.5790533178354524,
  "best_f1": 0.6222786378151591,
  "roc_auc": 0.8314448519665627
}