{
  "c_accuracy": 0.77525,
  "c_f1": 0.8647916979996992,
  "c_best_threshold": 0.2857788944723618,
  "c_best_f1": 0.9670101756432692,
  "c_roc_auc": 0.889059992443284,
  "na_accuracy": 0.710375,
  "na_f1": 0.7517411336119147,
  "na_best_threshold": 0.41874371859296483,
  "na_best_f1": 0.8001050696086158,
  "na_roc_auc": 0.800525877886332,
  "i_accuracy": 0.84625,
  "i_f1": 0.4368131868131868,
  "i_best_threshold": 0.4827638190954774,
  "i_best_f1": 0.4421315570358035,
  "i_roc_auc": 0.7634268146570056,
  "bc_accuracy": 0.951875,
  "bc_f1": 0.08983451536643026,
  "bc_best_threshold": 0.42366834170854273,
  "bc_best_f1": 0.13705179282868524,
  "bc_roc_auc": 0.6525582960412235,
  "t_accuracy": 0.73475,
  "t_f1": 0.5487026797107614,
  "t_best_threshold": 0.5123115577889448,
  "t_best_f1": 0.5517702070808282,
  "t_roc_auc": 0.7832673762258345,
  "macro_accuracy": 0.8037000000000001,
  "macro_f1": 0.5383766427003984,
  "macro_best_f1": 0.5796137604394405,
  "macro_roc_auc": 0.7777676714507359,
  "accuracy": 0.8037000000000001,
  "f1": 0.5383766427003984,
  "best_f1": 0.5796137604394405,
  "roc_auc": 0.7777676714507359
}