{
  "c_accuracy": 0.8115,
  "c_f1": 0.8887413309724067,
  "c_best_threshold": 0.2463819095477387,
  "c_best_f1": 0.9685591789008704,
  "c_roc_auc": 0.9183247528291968,
  "na_accuracy": 0.74175,
  "na_f1": 0.7795561246265471,
  "na_best_threshold": 0.41874371859296483,
  "na_best_f1": 0.8140774973338074,
  "na_roc_auc": 0.832776684845854,
  "i_accuracy": 0.745,
  "i_f1": 0.44775311315646993,
  "i_best_threshold": 0.5566331658291458,
  "i_best_f1": 0.4814340588988476,
  "i_roc_auc": 0.8003306475194434,
  "bc_accuracy": 0.929625,
  "bc_f1": 0.24021592442645073,
  "bc_best_threshold": 0.5221608040201006,
  "bc_best_f1": 0.2422360248447205,
  "bc_roc_auc": 0.7771800533469566,
  "t_accuracy": 0.696,
  "t_f1": 0.5739313244569026,
  "t_best_threshold": 0.5566331658291458,
  "t_best_f1": 0.5940854326396495,
  "t_roc_auc": 0.8284781951080322,
  "macro_accuracy": 0.784775,
  "macro_f1": 0.5860395635277553,
  "macro_best_f1": 0.6200784385235791,
  "macro_roc_auc": 0.8314180667298967,
  "accuracy": 0.784775,
  "f1": 0.5860395635277553,
  "best_f1": 0.6200784385235791,
  "roc_auc": 0.8314180667298967
}