{
  "c_accuracy": 0.8125,
  "c_f1": 0.8895597113827124,
  "c_best_threshold": 0.22668341708542716,
  "c_best_f1": 0.968542831145197,
  "c_roc_auc": 0.9136678686841605,
  "na_accuracy": 0.74775,
  "na_f1": 0.7904029912754467,
  "na_best_threshold": 0.4384422110552764,
  "na_best_f1": 0.8105292020839046,
  "na_roc_auc": 0.8280750613435216,
  "i_accuracy": 0.807625,
  "i_f1": 0.4698587667929728,
  "i_best_threshold": 0.5221608040201006,
  "i_best_f1": 0.4885433715220949,
  "i_roc_auc": 0.7998448584085247,
  "bc_accuracy": 0.937,
  "bc_f1": 0.2222222222222222,
  "bc_best_threshold": 0.47291457286432165,
  "bc_best_f1": 0.22916666666666669,
  "bc_roc_auc": 0.7564978738175823,
  "t_accuracy": 0.713125,
  "t_f1": 0.573182071787242,
  "t_best_threshold": 0.5369346733668342,
  "t_best_f1": 0.5872468763464024,
  "t_roc_auc": 0.8213220456071623,
  "macro_accuracy": 0.8036,
  "macro_f1": 0.5890451526921192,
  "macro_best_f1": 0.616805789552853,
  "macro_roc_auc": 0.8238815415721902,
  "accuracy": 0.8036,
  "f1": 0.5890451526921192,
  "best_f1": 0.616805789552853,
  "roc_auc": 0.8238815415721902
}