{
  "c_accuracy": 0.797625,
  "c_f1": 0.8796013980813564,
  "c_best_threshold": 0.21683417085427137,
  "c_best_f1": 0.9687622022647403,
  "c_roc_auc": 0.9072880584571472,
  "na_accuracy": 0.738125,
  "na_f1": 0.775959790396749,
  "na_best_threshold": 0.4285929648241206,
  "na_best_f1": 0.8077796964464237,
  "na_roc_auc": 0.8226551304959365,
  "i_accuracy": 0.796125,
  "i_f1": 0.4633102994406055,
  "i_best_threshold": 0.5270854271356784,
  "i_best_f1": 0.4757894736842105,
  "i_roc_auc": 0.7922589057183437,
  "bc_accuracy": 0.954375,
  "bc_f1": 0.1978021978021978,
  "bc_best_threshold": 0.45814070351758795,
  "bc_best_f1": 0.23157894736842102,
  "bc_roc_auc": 0.750837128040883,
  "t_accuracy": 0.721125,
  "t_f1": 0.5703832081648372,
  "t_best_threshold": 0.5221608040201006,
  "t_best_f1": 0.5752045311516677,
  "t_roc_auc": 0.8097781858827617,
  "macro_accuracy": 0.8014749999999999,
  "macro_f1": 0.5774113787771492,
  "macro_best_f1": 0.6118229701830926,
  "macro_roc_auc": 0.8165634817190146,
  "accuracy": 0.8014749999999999,
  "f1": 0.5774113787771492,
  "best_f1": 0.6118229701830926,
  "roc_auc": 0.8165634817190146
}