{
  "c_accuracy": 0.824875,
  "c_f1": 0.8977148280645397,
  "c_best_threshold": 0.275929648241206,
  "c_best_f1": 0.9674075034018014,
  "c_roc_auc": 0.9097233865934999,
  "na_accuracy": 0.731625,
  "na_f1": 0.7615769017212659,
  "na_best_threshold": 0.41381909547738693,
  "na_best_f1": 0.8089949016751637,
  "na_roc_auc": 0.8271906346536172,
  "i_accuracy": 0.618375,
  "i_f1": 0.3991340287345011,
  "i_best_threshold": 0.5812562814070352,
  "i_best_f1": 0.48050314465408805,
  "i_roc_auc": 0.7937414317884919,
  "bc_accuracy": 0.957125,
  "bc_f1": 0.18527315914489312,
  "bc_best_threshold": 0.44829145728643216,
  "bc_best_f1": 0.233974358974359,
  "bc_roc_auc": 0.7574154398340318,
  "t_accuracy": 0.691125,
  "t_f1": 0.5627322597770306,
  "t_best_threshold": 0.5517085427135678,
  "t_best_f1": 0.5871009213627598,
  "t_roc_auc": 0.8185491438734551,
  "macro_accuracy": 0.764625,
  "macro_f1": 0.5612862354884461,
  "macro_best_f1": 0.6155961660136344,
  "macro_roc_auc": 0.8213240073486192,
  "accuracy": 0.764625,
  "f1": 0.5612862354884461,
  "best_f1": 0.6155961660136344,
  "roc_auc": 0.8213240073486192
}