{
  "c_accuracy": 0.818625,
  "c_f1": 0.8938318577595669,
  "c_best_threshold": 0.2857788944723618,
  "c_best_f1": 0.9684114938055394,
  "c_roc_auc": 0.9018236050274054,
  "na_accuracy": 0.71925,
  "na_f1": 0.746844003606853,
  "na_best_threshold": 0.4335175879396985,
  "na_best_f1": 0.804864359214219,
  "na_roc_auc": 0.817615861653539,
  "i_accuracy": 0.72375,
  "i_f1": 0.42417926003126627,
  "i_best_threshold": 0.5812562814070352,
  "i_best_f1": 0.4565947242206235,
  "i_roc_auc": 0.7784380364032688,
  "bc_accuracy": 0.9555,
  "bc_f1": 0.17972350230414746,
  "bc_best_threshold": 0.46306532663316585,
  "bc_best_f1": 0.20571428571428568,
  "bc_roc_auc": 0.7254001021746499,
  "t_accuracy": 0.74525,
  "t_f1": 0.5654584221748401,
  "t_best_threshold": 0.502462311557789,
  "t_best_f1": 0.5656478691347395,
  "t_roc_auc": 0.7988953275078254,
  "macro_accuracy": 0.792475,
  "macro_f1": 0.5620074091753348,
  "macro_best_f1": 0.6002465464178813,
  "macro_roc_auc": 0.8044345865533377,
  "accuracy": 0.792475,
  "f1": 0.5620074091753348,
  "best_f1": 0.6002465464178813,
  "roc_auc": 0.8044345865533377
}