{
  "c_accuracy": 0.84975,
  "c_f1": 0.9138474770642202,
  "c_best_threshold": 0.2710050251256282,
  "c_best_f1": 0.9685946087411672,
  "c_roc_auc": 0.9089545796042331,
  "na_accuracy": 0.705875,
  "na_f1": 0.7169493564296885,
  "na_best_threshold": 0.37442211055276386,
  "na_best_f1": 0.8119520486670245,
  "na_roc_auc": 0.8296955359514905,
  "i_accuracy": 0.705,
  "i_f1": 0.4332372718539865,
  "i_best_threshold": 0.5566331658291458,
  "i_best_f1": 0.4819672131147541,
  "i_roc_auc": 0.799699602302072,
  "bc_accuracy": 0.888375,
  "bc_f1": 0.20763087843833186,
  "bc_best_threshold": 0.54678391959799,
  "bc_best_f1": 0.22115384615384615,
  "bc_roc_auc": 0.7571708510788104,
  "t_accuracy": 0.75975,
  "t_f1": 0.5788781770376863,
  "t_best_threshold": 0.4876884422110553,
  "t_best_f1": 0.5809962327333612,
  "t_roc_auc": 0.8140278174082998,
  "macro_accuracy": 0.78175,
  "macro_f1": 0.5701086321647827,
  "macro_best_f1": 0.6129327898820306,
  "macro_roc_auc": 0.8219096772689811,
  "accuracy": 0.78175,
  "f1": 0.5701086321647827,
  "best_f1": 0.6129327898820306,
  "roc_auc": 0.8219096772689811
}