{
  "c_accuracy": 0.8055,
  "c_f1": 0.8848771825984019,
  "c_best_threshold": 0.2513065326633166,
  "c_best_f1": 0.9684634891735483,
  "c_roc_auc": 0.9157865307591049,
  "na_accuracy": 0.724375,
  "na_f1": 0.7502548419979612,
  "na_best_threshold": 0.4039698492462312,
  "na_best_f1": 0.8091738244930488,
  "na_roc_auc": 0.8247006354369056,
  "i_accuracy": 0.7305,
  "i_f1": 0.4468958440225757,
  "i_best_threshold": 0.5517085427135678,
  "i_best_f1": 0.4942483141610472,
  "i_roc_auc": 0.800288933858154,
  "bc_accuracy": 0.9325,
  "bc_f1": 0.23295454545454544,
  "bc_best_threshold": 0.4975376884422111,
  "bc_best_f1": 0.2364394993045897,
  "bc_roc_auc": 0.7626932353504641,
  "t_accuracy": 0.755625,
  "t_f1": 0.5879873551106428,
  "t_best_threshold": 0.5172361809045226,
  "t_best_f1": 0.593010146561443,
  "t_roc_auc": 0.8223603390608676,
  "macro_accuracy": 0.7897000000000001,
  "macro_f1": 0.5805939538368254,
  "macro_best_f1": 0.6202670547387353,
  "macro_roc_auc": 0.8251659348930993,
  "accuracy": 0.7897000000000001,
  "f1": 0.5805939538368254,
  "best_f1": 0.6202670547387353,
  "roc_auc": 0.8251659348930993
}