{
  "c_accuracy": 0.822125,
  "c_f1": 0.8958501061260338,
  "c_best_threshold": 0.2660804020100503,
  "c_best_f1": 0.9685485446376245,
  "c_roc_auc": 0.9182409180972012,
  "na_accuracy": 0.7295,
  "na_f1": 0.7575078440161362,
  "na_best_threshold": 0.4088944723618091,
  "na_best_f1": 0.8144927536231883,
  "na_roc_auc": 0.8324771226020913,
  "i_accuracy": 0.721625,
  "i_f1": 0.43748421318514774,
  "i_best_threshold": 0.5566331658291458,
  "i_best_f1": 0.49364651520985753,
  "i_roc_auc": 0.8000084495382185,
  "bc_accuracy": 0.941625,
  "bc_f1": 0.23316912972085385,
  "bc_best_threshold": 0.45321608040201006,
  "bc_best_f1": 0.24299065420560748,
  "bc_roc_auc": 0.7730699388753256,
  "t_accuracy": 0.73625,
  "t_f1": 0.5888542478565861,
  "t_best_threshold": 0.5172361809045226,
  "t_best_f1": 0.5935940099833611,
  "t_roc_auc": 0.8304567796082907,
  "macro_accuracy": 0.7902250000000001,
  "macro_f1": 0.5825731081809515,
  "macro_best_f1": 0.6226544955319278,
  "macro_roc_auc": 0.8308506417442254,
  "accuracy": 0.7902250000000001,
  "f1": 0.5825731081809515,
  "best_f1": 0.6226544955319278,
  "roc_auc": 0.8308506417442254
}