{
  "c_accuracy": 0.821125,
  "c_f1": 0.8951725148340781,
  "c_best_threshold": 0.2513065326633166,
  "c_best_f1": 0.9687663355985363,
  "c_roc_auc": 0.919423103718888,
  "na_accuracy": 0.729625,
  "na_f1": 0.7595865288429476,
  "na_best_threshold": 0.3990452261306533,
  "na_best_f1": 0.8153335128826645,
  "na_roc_auc": 0.8320137050486831,
  "i_accuracy": 0.7615,
  "i_f1": 0.4640449438202247,
  "i_best_threshold": 0.5664824120603016,
  "i_best_f1": 0.4967602591792657,
  "i_roc_auc": 0.8030301681742922,
  "bc_accuracy": 0.93775,
  "bc_f1": 0.22910216718266255,
  "bc_best_threshold": 0.4926130653266332,
  "bc_best_f1": 0.23357664233576642,
  "bc_roc_auc": 0.7704476199365011,
  "t_accuracy": 0.748625,
  "t_f1": 0.5962658100782975,
  "t_best_threshold": 0.5073869346733668,
  "t_best_f1": 0.5986394557823129,
  "t_roc_auc": 0.8310294329033213,
  "macro_accuracy": 0.7997249999999999,
  "macro_f1": 0.5888343929516421,
  "macro_best_f1": 0.6226152411557091,
  "macro_roc_auc": 0.831188805956337,
  "accuracy": 0.7997249999999999,
  "f1": 0.5888343929516421,
  "best_f1": 0.6226152411557091,
  "roc_auc": 0.831188805956337
}