{
  "c_accuracy": 0.804875,
  "c_f1": 0.8843618045781169,
  "c_best_threshold": 0.24145728643216083,
  "c_best_f1": 0.9684593873967613,
  "c_roc_auc": 0.9177903225100248,
  "na_accuracy": 0.73275,
  "na_f1": 0.7633384990037636,
  "na_best_threshold": 0.41381909547738693,
  "na_best_f1": 0.812859621883277,
  "na_roc_auc": 0.8323193159829856,
  "i_accuracy": 0.708,
  "i_f1": 0.43683702989392476,
  "i_best_threshold": 0.5812562814070352,
  "i_best_f1": 0.4939812750780204,
  "i_roc_auc": 0.799333910560214,
  "bc_accuracy": 0.936875,
  "bc_f1": 0.22427035330261136,
  "bc_best_threshold": 0.44829145728643216,
  "bc_best_f1": 0.2300884955752212,
  "bc_roc_auc": 0.7659979466825169,
  "t_accuracy": 0.72975,
  "t_f1": 0.5861408882082695,
  "t_best_threshold": 0.541859296482412,
  "t_best_f1": 0.6013422818791946,
  "t_roc_auc": 0.8327707348678748,
  "macro_accuracy": 0.7824500000000001,
  "macro_f1": 0.5789897149973372,
  "macro_best_f1": 0.6213462123624949,
  "macro_roc_auc": 0.8296424461207232,
  "accuracy": 0.7824500000000001,
  "f1": 0.5789897149973372,
  "best_f1": 0.6213462123624949,
  "roc_auc": 0.8296424461207232
}