{
  "c_accuracy": 0.823875,
  "c_f1": 0.8970255061024629,
  "c_best_threshold": 0.2660804020100503,
  "c_best_f1": 0.9683799609629148,
  "c_roc_auc": 0.9106679760853378,
  "na_accuracy": 0.708375,
  "na_f1": 0.7242642713627231,
  "na_best_threshold": 0.4039698492462312,
  "na_best_f1": 0.8109322351179334,
  "na_roc_auc": 0.8288936958519703,
  "i_accuracy": 0.669375,
  "i_f1": 0.4182977787552232,
  "i_best_threshold": 0.5812562814070352,
  "i_best_f1": 0.4745477492637779,
  "i_roc_auc": 0.7955135206852291,
  "bc_accuracy": 0.94275,
  "bc_f1": 0.20761245674740483,
  "bc_best_threshold": 0.4975376884422111,
  "bc_best_f1": 0.2173174872665535,
  "bc_roc_auc": 0.7334138122442564,
  "t_accuracy": 0.711625,
  "t_f1": 0.5698303188513891,
  "t_best_threshold": 0.5369346733668342,
  "t_best_f1": 0.5845222654561175,
  "t_roc_auc": 0.819212119001697,
  "macro_accuracy": 0.7712,
  "macro_f1": 0.5634060663638406,
  "macro_best_f1": 0.6111399396134594,
  "macro_roc_auc": 0.8175402247736981,
  "accuracy": 0.7712,
  "f1": 0.5634060663638406,
  "best_f1": 0.6111399396134594,
  "roc_auc": 0.8175402247736981
}