{
  "c_accuracy": 0.78975,
  "c_f1": 0.8744026284348865,
  "c_best_threshold": 0.2857788944723618,
  "c_best_f1": 0.9683457913552161,
  "c_roc_auc": 0.9059316356735715,
  "na_accuracy": 0.6975,
  "na_f1": 0.7064531780688986,
  "na_best_threshold": 0.3793467336683417,
  "na_best_f1": 0.8062237324510418,
  "na_roc_auc": 0.81996846435777,
  "i_accuracy": 0.7425,
  "i_f1": 0.44324324324324327,
  "i_best_threshold": 0.5369346733668342,
  "i_best_f1": 0.46737841043890865,
  "i_roc_auc": 0.787629460691609,
  "bc_accuracy": 0.961,
  "bc_f1": 0.15217391304347827,
  "bc_best_threshold": 0.3547236180904523,
  "bc_best_f1": 0.21610169491525424,
  "bc_roc_auc": 0.7419345067043928,
  "t_accuracy": 0.72175,
  "t_f1": 0.5706018518518519,
  "t_best_threshold": 0.502462311557789,
  "t_best_f1": 0.5733775092574547,
  "t_roc_auc": 0.8105923696286935,
  "macro_accuracy": 0.7825,
  "macro_f1": 0.5493749629284718,
  "macro_best_f1": 0.6062854276835752,
  "macro_roc_auc": 0.8132112874112074,
  "accuracy": 0.7825,
  "f1": 0.5493749629284718,
  "best_f1": 0.6062854276835752,
  "roc_auc": 0.8132112874112074
}