{
  "c_accuracy": 0.816375,
  "c_f1": 0.89207258834766,
  "c_best_threshold": 0.275929648241206,
  "c_best_f1": 0.9682218597063622,
  "c_roc_auc": 0.9140359173232433,
  "na_accuracy": 0.731,
  "na_f1": 0.7609420128860254,
  "na_best_threshold": 0.4285929648241206,
  "na_best_f1": 0.8122131684930223,
  "na_roc_auc": 0.8293740429805757,
  "i_accuracy": 0.727125,
  "i_f1": 0.44636063910727874,
  "i_best_threshold": 0.54678391959799,
  "i_best_f1": 0.4817170111287759,
  "i_roc_auc": 0.8040328981346458,
  "bc_accuracy": 0.945125,
  "bc_f1": 0.22300884955752212,
  "bc_best_threshold": 0.4876884422110553,
  "bc_best_f1": 0.22464898595943839,
  "bc_roc_auc": 0.7574966965167287,
  "t_accuracy": 0.695,
  "t_f1": 0.5658362989323843,
  "t_best_threshold": 0.5517085427135678,
  "t_best_f1": 0.5910577971646674,
  "t_roc_auc": 0.8229156145210046,
  "macro_accuracy": 0.7829249999999999,
  "macro_f1": 0.5776440777661741,
  "macro_best_f1": 0.6155717644904531,
  "macro_roc_auc": 0.8255710338952396,
  "accuracy": 0.7829249999999999,
  "f1": 0.5776440777661741,
  "best_f1": 0.6155717644904531,
  "roc_auc": 0.8255710338952396
}