{
  "c_accuracy": 0.789,
  "c_f1": 0.8738038277511961,
  "c_best_threshold": 0.2513065326633166,
  "c_best_f1": 0.968308713476931,
  "c_roc_auc": 0.90983477990099,
  "na_accuracy": 0.72475,
  "na_f1": 0.7507922136713445,
  "na_best_threshold": 0.4285929648241206,
  "na_best_f1": 0.8080865603644648,
  "na_roc_auc": 0.8250600087547193,
  "i_accuracy": 0.67875,
  "i_f1": 0.41749773345421576,
  "i_best_threshold": 0.5714070351758794,
  "i_best_f1": 0.47748141670310446,
  "i_roc_auc": 0.7940425059241707,
  "bc_accuracy": 0.9275,
  "bc_f1": 0.2054794520547945,
  "bc_best_threshold": 0.5073869346733668,
  "bc_best_f1": 0.20930232558139536,
  "bc_roc_auc": 0.7396916585205308,
  "t_accuracy": 0.732125,
  "t_f1": 0.5733625323511845,
  "t_best_threshold": 0.5123115577889448,
  "t_best_f1": 0.5771643663739021,
  "t_roc_auc": 0.8123353879226194,
  "macro_accuracy": 0.770425,
  "macro_f1": 0.5641871518565471,
  "macro_best_f1": 0.6080686764999595,
  "macro_roc_auc": 0.816192868204606,
  "accuracy": 0.770425,
  "f1": 0.5641871518565471,
  "best_f1": 0.6080686764999595,
  "roc_auc": 0.816192868204606
}