{
  "c_accuracy": 0.798125,
  "c_f1": 0.8798809966530309,
  "c_best_threshold": 0.23160804020100503,
  "c_best_f1": 0.9683499057646064,
  "c_roc_auc": 0.9118788792880306,
  "na_accuracy": 0.740875,
  "na_f1": 0.7814904606303362,
  "na_best_threshold": 0.42366834170854273,
  "na_best_f1": 0.8085333333333334,
  "na_roc_auc": 0.8240594742397083,
  "i_accuracy": 0.707625,
  "i_f1": 0.429929320009749,
  "i_best_threshold": 0.5664824120603016,
  "i_best_f1": 0.48438250840941854,
  "i_roc_auc": 0.7991653351523574,
  "bc_accuracy": 0.952,
  "bc_f1": 0.21951219512195122,
  "bc_best_threshold": 0.4876884422110553,
  "bc_best_f1": 0.22846441947565543,
  "bc_roc_auc": 0.742250322979963,
  "t_accuracy": 0.684375,
  "t_f1": 0.5618601422870033,
  "t_best_threshold": 0.5369346733668342,
  "t_best_f1": 0.5831863609641387,
  "t_roc_auc": 0.818392271368837,
  "macro_accuracy": 0.7766,
  "macro_f1": 0.5745346229404141,
  "macro_best_f1": 0.6145833055894305,
  "macro_roc_auc": 0.8191492566057793,
  "accuracy": 0.7766,
  "f1": 0.5745346229404141,
  "best_f1": 0.6145833055894305,
  "roc_auc": 0.8191492566057793
}