{
  "c_accuracy": 0.84025,
  "c_f1": 0.9076055523423945,
  "c_best_threshold": 0.2562311557788945,
  "c_best_f1": 0.9683663527119195,
  "c_roc_auc": 0.9173692171741953,
  "na_accuracy": 0.722375,
  "na_f1": 0.7419542233066109,
  "na_best_threshold": 0.3793467336683417,
  "na_best_f1": 0.8132482740540068,
  "na_roc_auc": 0.83254497606915,
  "i_accuracy": 0.66525,
  "i_f1": 0.4200952793417064,
  "i_best_threshold": 0.5763316582914573,
  "i_best_f1": 0.5014432989690721,
  "i_roc_auc": 0.8056402685054381,
  "bc_accuracy": 0.9055,
  "bc_f1": 0.2125,
  "bc_best_threshold": 0.5517085427135678,
  "bc_best_f1": 0.2336448598130841,
  "bc_roc_auc": 0.7648691542264118,
  "t_accuracy": 0.73825,
  "t_f1": 0.5879574970484062,
  "t_best_threshold": 0.5123115577889448,
  "t_best_f1": 0.5956486042692939,
  "t_roc_auc": 0.8292170319945249,
  "macro_accuracy": 0.7743249999999999,
  "macro_f1": 0.5740225104078236,
  "macro_best_f1": 0.6224702779634753,
  "macro_roc_auc": 0.829928129593944,
  "accuracy": 0.7743249999999999,
  "f1": 0.5740225104078236,
  "best_f1": 0.6224702779634753,
  "roc_auc": 0.829928129593944
}