{
  "thresholds": {
    "c": 0.2513065326633166,
    "na": 0.3941206030150754,
    "i": 0.541859296482412,
    "bc": 0.541859296482412,
    "t": 0.5221608040201006
  }
}