{
  "thresholds": {
    "c": 0.23160804020100503,
    "na": 0.41381909547738693,
    "i": 0.5517085427135678,
    "bc": 0.5714070351758794,
    "t": 0.5172361809045226
  }
}