{
  "thresholds": {
    "c": 0.2710050251256282,
    "na": 0.37442211055276386,
    "i": 0.5566331658291458,
    "bc": 0.54678391959799,
    "t": 0.4876884422110553
  }
}