{
  "thresholds": {
    "c": 0.22668341708542716,
    "na": 0.4384422110552764,
    "i": 0.5221608040201006,
    "bc": 0.47291457286432165,
    "t": 0.5369346733668342
  }
}