{
  "thresholds": {
    "c": 0.2857788944723618,
    "na": 0.3793467336683417,
    "i": 0.5369346733668342,
    "bc": 0.3547236180904523,
    "t": 0.502462311557789
  }
}