{
  "thresholds": {
    "c": 0.21683417085427137,
    "na": 0.3941206030150754,
    "i": 0.5320100502512564,
    "bc": 0.5073869346733668,
    "t": 0.4827638190954774
  }
}