{
  "thresholds": {
    "c": 0.2513065326633166,
    "na": 0.3990452261306533,
    "i": 0.5664824120603016,
    "bc": 0.4926130653266332,
    "t": 0.5073869346733668
  }
}