{
  "thresholds": {
    "c": 0.2611557788944724,
    "na": 0.42366834170854273,
    "i": 0.541859296482412,
    "bc": 0.4926130653266332,
    "t": 0.54678391959799
  }
}