{
  "thresholds": {
    "c": 0.275929648241206,
    "na": 0.41874371859296483,
    "i": 0.5566331658291458,
    "bc": 0.42366834170854273,
    "t": 0.54678391959799
  }
}