{
  "thresholds": {
    "c": 0.2463819095477387,
    "na": 0.41874371859296483,
    "i": 0.5566331658291458,
    "bc": 0.5221608040201006,
    "t": 0.5566331658291458
  }
}