{
  "thresholds": {
    "c": 0.2857788944723618,
    "na": 0.4335175879396985,
    "i": 0.5812562814070352,
    "bc": 0.46306532663316585,
    "t": 0.502462311557789
  }
}