{
  "thresholds": {
    "c": 0.2463819095477387,
    "na": 0.3891959798994975,
    "i": 0.5270854271356784,
    "bc": 0.5664824120603016,
    "t": 0.5320100502512564
  }
}