{
  "thresholds": {
    "c": 0.22175879396984927,
    "na": 0.41381909547738693,
    "i": 0.5566331658291458,
    "bc": 0.42366834170854273,
    "t": 0.502462311557789
  }
}