{
  "thresholds": {
    "c": 0.22175879396984927,
    "na": 0.4433668341708543,
    "i": 0.5566331658291458,
    "bc": 0.5320100502512564,
    "t": 0.54678391959799
  }
}