{
  "thresholds": {
    "c": 0.275929648241206,
    "na": 0.4039698492462312,
    "i": 0.5615577889447236,
    "bc": 0.47783919597989954,
    "t": 0.5320100502512564
  }
}