{
  "thresholds": {
    "c": 0.275929648241206,
    "na": 0.41381909547738693,
    "i": 0.5812562814070352,
    "bc": 0.44829145728643216,
    "t": 0.5517085427135678
  }
}