{
  "thresholds": {
    "c": 0.2513065326633166,
    "na": 0.4039698492462312,
    "i": 0.5517085427135678,
    "bc": 0.4975376884422111,
    "t": 0.5172361809045226
  }
}