{
  "thresholds": {
    "c": 0.2660804020100503,
    "na": 0.4088944723618091,
    "i": 0.5566331658291458,
    "bc": 0.45321608040201006,
    "t": 0.5172361809045226
  }
}