{
  "thresholds": {
    "c": 0.2513065326633166,
    "na": 0.4285929648241206,
    "i": 0.5714070351758794,
    "bc": 0.5073869346733668,
    "t": 0.5123115577889448
  }
}