{
  "thresholds": {
    "c": 0.2463819095477387,
    "na": 0.3842713567839196,
    "i": 0.5763316582914573,
    "bc": 0.4975376884422111,
    "t": 0.5221608040201006
  }
}