{
  "thresholds": {
    "c": 0.2857788944723618,
    "na": 0.3793467336683417,
    "i": 0.5714070351758794,
    "bc": 0.5172361809045226,
    "t": 0.5566331658291458
  }
}