{
  "thresholds": {
    "c": 0.2513065326633166,
    "na": 0.42366834170854273,
    "i": 0.5566331658291458,
    "bc": 0.46306532663316585,
    "t": 0.5221608040201006
  }
}