{
  "thresholds": {
    "c": 0.22668341708542716,
    "na": 0.37442211055276386,
    "i": 0.5615577889447236,
    "bc": 0.4827638190954774,
    "t": 0.4926130653266332
  }
}