{
  "thresholds": {
    "c": 0.21683417085427137,
    "na": 0.4285929648241206,
    "i": 0.5270854271356784,
    "bc": 0.45814070351758795,
    "t": 0.5221608040201006
  }
}