{
  "thresholds": {
    "c": 0.23160804020100503,
    "na": 0.42366834170854273,
    "i": 0.5664824120603016,
    "bc": 0.4876884422110553,
    "t": 0.5369346733668342
  }
}