{
  "thresholds": {
    "c": 0.2562311557788945,
    "na": 0.3793467336683417,
    "i": 0.5763316582914573,
    "bc": 0.5517085427135678,
    "t": 0.5123115577889448
  }
}