{
  "thresholds": {
    "c": 0.2463819095477387,
    "na": 0.4285929648241206,
    "i": 0.5517085427135678,
    "bc": 0.5517085427135678,
    "t": 0.5369346733668342
  }
}