{
  "thresholds": {
    "c": 0.2660804020100503,
    "na": 0.36949748743718597,
    "i": 0.5566331658291458,
    "bc": 0.5123115577889448,
    "t": 0.4975376884422111
  }
}