{
  "thresholds": {
    "c": 0.24145728643216083,
    "na": 0.41381909547738693,
    "i": 0.5812562814070352,
    "bc": 0.44829145728643216,
    "t": 0.541859296482412
  }
}