{
  "thresholds": {
    "c": 0.275929648241206,
    "na": 0.4039698492462312,
    "i": 0.5664824120603016,
    "bc": 0.502462311557789,
    "t": 0.5172361809045226
  }
}