{
  "thresholds": {
    "c": 0.33010050251256284,
    "na": 0.42366834170854273,
    "i": 0.5172361809045226,
    "bc": 0.3596482412060302,
    "t": 0.4384422110552764
  }
}