{
  "thresholds": {
    "c": 0.22668341708542716,
    "na": 0.3941206030150754,
    "i": 0.5123115577889448,
    "bc": 0.41381909547738693,
    "t": 0.46306532663316585
  }
}