{
  "thresholds": {
    "c": 0.275929648241206,
    "na": 0.4285929648241206,
    "i": 0.54678391959799,
    "bc": 0.4876884422110553,
    "t": 0.5517085427135678
  }
}