{
  "thresholds": {
    "c": 0.2463819095477387,
    "na": 0.41874371859296483,
    "i": 0.5664824120603016,
    "bc": 0.4876884422110553,
    "t": 0.5517085427135678
  }
}