{
  "thresholds": {
    "c": 0.2710050251256282,
    "na": 0.41381909547738693,
    "i": 0.5221608040201006,
    "bc": 0.5123115577889448,
    "t": 0.541859296482412
  }
}