{
  "thresholds": {
    "c": 0.36949748743718597,
    "na": 0.4088944723618091,
    "i": 0.5123115577889448,
    "bc": 0.36457286432160807,
    "t": 0.4876884422110553
  }
}