{
  "thresholds": {
    "c": 0.2463819095477387,
    "na": 0.41381909547738693,
    "i": 0.541859296482412,
    "bc": 0.46798994974874375,
    "t": 0.5369346733668342
  }
}