{
  "thresholds": {
    "c": 0.23653266331658293,
    "na": 0.3842713567839196,
    "i": 0.5270854271356784,
    "bc": 0.5123115577889448,
    "t": 0.5073869346733668
  }
}