{
  "thresholds": {
    "c": 0.2611557788944724,
    "na": 0.3842713567839196,
    "i": 0.5763316582914573,
    "bc": 0.5270854271356784,
    "t": 0.502462311557789
  }
}