{
  "thresholds": {
    "c": 0.21683417085427137,
    "na": 0.4433668341708543,
    "i": 0.5517085427135678,
    "bc": 0.502462311557789,
    "t": 0.5763316582914573
  }
}