{
  "thresholds": {
    "c": 0.2611557788944724,
    "na": 0.4335175879396985,
    "i": 0.5664824120603016,
    "bc": 0.4876884422110553,
    "t": 0.541859296482412
  }
}