{
  "thresholds": {
    "c": 0.275929648241206,
    "na": 0.41381909547738693,
    "i": 0.5369346733668342,
    "bc": 0.5221608040201006,
    "t": 0.4975376884422111
  }
}