{
  "thresholds": {
    "c": 0.2660804020100503,
    "na": 0.4039698492462312,
    "i": 0.5812562814070352,
    "bc": 0.4975376884422111,
    "t": 0.5369346733668342
  }
}