{
  "thresholds": {
    "c": 0.22668341708542716,
    "na": 0.3990452261306533,
    "i": 0.54678391959799,
    "bc": 0.4827638190954774,
    "t": 0.502462311557789
  }
}