{
  "thresholds": {
    "c": 0.2660804020100503,
    "na": 0.4088944723618091,
    "i": 0.5517085427135678,
    "bc": 0.5320100502512564,
    "t": 0.5320100502512564
  }
}