{
  "thresholds": {
    "c": 0.31040201005025125,
    "na": 0.3990452261306533,
    "i": 0.5517085427135678,
    "bc": 0.502462311557789,
    "t": 0.5320100502512564
  }
}