{
  "thresholds": {
    "c": 0.24145728643216083,
    "na": 0.3990452261306533,
    "i": 0.5664824120603016,
    "bc": 0.4827638190954774,
    "t": 0.5221608040201006
  }
}