{
  "thresholds": {
    "c": 0.24145728643216083,
    "na": 0.41874371859296483,
    "i": 0.541859296482412,
    "bc": 0.32025125628140705,
    "t": 0.5517085427135678
  }
}