{
  "thresholds": {
    "c": 0.2907035175879397,
    "na": 0.4433668341708543,
    "i": 0.54678391959799,
    "bc": 0.4975376884422111,
    "t": 0.5566331658291458
  }
}