{
  "thresholds": {
    "c": 0.2808542713567839,
    "na": 0.44829145728643216,
    "i": 0.5615577889447236,
    "bc": 0.46306532663316585,
    "t": 0.5664824120603016
  }
}