{
  "thresholds": {
    "c": 0.2857788944723618,
    "na": 0.41874371859296483,
    "i": 0.4827638190954774,
    "bc": 0.42366834170854273,
    "t": 0.5123115577889448
  }
}